BloodImage_00001_jpg.rf.cebb6824aacfc545bb4152ce18717c1b.jpg,BloodImage_00001_jpg.rf.cebb6824aacfc545bb4152ce18717c1b.txt
BloodImage_00002_jpg.rf.6077885e28afc7ef361acf12d94d4d88.jpg,BloodImage_00002_jpg.rf.6077885e28afc7ef361acf12d94d4d88.txt
BloodImage_00003_jpg.rf.3e0d750daa4754a3717d15768c14b847.jpg,BloodImage_00003_jpg.rf.3e0d750daa4754a3717d15768c14b847.txt
BloodImage_00005_jpg.rf.2f91dec02bab564d83b88d976eb1b522.jpg,BloodImage_00005_jpg.rf.2f91dec02bab564d83b88d976eb1b522.txt
BloodImage_00006_jpg.rf.4eca53bb633875468ce90becd1c5f719.jpg,BloodImage_00006_jpg.rf.4eca53bb633875468ce90becd1c5f719.txt
BloodImage_00007_jpg.rf.8875d271e2671668961ec3ec314dba08.jpg,BloodImage_00007_jpg.rf.8875d271e2671668961ec3ec314dba08.txt
BloodImage_00008_jpg.rf.beb6ffe42e184c37fe1fedb7365363a6.jpg,BloodImage_00008_jpg.rf.beb6ffe42e184c37fe1fedb7365363a6.txt
BloodImage_00009_jpg.rf.da19061a9a7f43fbaedd27dcc9369a79.jpg,BloodImage_00009_jpg.rf.da19061a9a7f43fbaedd27dcc9369a79.txt
BloodImage_00010_jpg.rf.5557ba0a93133a1db1b3f86903e18f76.jpg,BloodImage_00010_jpg.rf.5557ba0a93133a1db1b3f86903e18f76.txt
BloodImage_00011_jpg.rf.3607f411314ee43c560ffa5f57ff1727.jpg,BloodImage_00011_jpg.rf.3607f411314ee43c560ffa5f57ff1727.txt
BloodImage_00013_jpg.rf.6be66fdc74e851b63ef10dd6cf2d1bbc.jpg,BloodImage_00013_jpg.rf.6be66fdc74e851b63ef10dd6cf2d1bbc.txt
BloodImage_00014_jpg.rf.af9ce41f51d0572a95f4a89ee15e26a0.jpg,BloodImage_00014_jpg.rf.af9ce41f51d0572a95f4a89ee15e26a0.txt
BloodImage_00015_jpg.rf.a1aca60385f1ad8cf0d04e688b9d8c4d.jpg,BloodImage_00015_jpg.rf.a1aca60385f1ad8cf0d04e688b9d8c4d.txt
BloodImage_00016_jpg.rf.e424362fede794edc8b0f655cf7f7b52.jpg,BloodImage_00016_jpg.rf.e424362fede794edc8b0f655cf7f7b52.txt
BloodImage_00018_jpg.rf.02cc3c42d3b2af24c2432c9ec88bb492.jpg,BloodImage_00018_jpg.rf.02cc3c42d3b2af24c2432c9ec88bb492.txt
BloodImage_00019_jpg.rf.d554d5cff5e7554bacbd356fe1228630.jpg,BloodImage_00019_jpg.rf.d554d5cff5e7554bacbd356fe1228630.txt
BloodImage_00020_jpg.rf.bd20279c3a4792f30044ba917d305bca.jpg,BloodImage_00020_jpg.rf.bd20279c3a4792f30044ba917d305bca.txt
BloodImage_00022_jpg.rf.05c7fc3470f2b51f2f54ea31300027e6.jpg,BloodImage_00022_jpg.rf.05c7fc3470f2b51f2f54ea31300027e6.txt
BloodImage_00023_jpg.rf.596a00645c755424b0ae07694b659688.jpg,BloodImage_00023_jpg.rf.596a00645c755424b0ae07694b659688.txt
BloodImage_00024_jpg.rf.b5a36262f6280ac61d240f8935f33806.jpg,BloodImage_00024_jpg.rf.b5a36262f6280ac61d240f8935f33806.txt
BloodImage_00028_jpg.rf.51c68ad3c8ede11bd8746437c88e06f1.jpg,BloodImage_00028_jpg.rf.51c68ad3c8ede11bd8746437c88e06f1.txt
BloodImage_00029_jpg.rf.9f2b9187d858afc3f35cbdb6d1a82e67.jpg,BloodImage_00029_jpg.rf.9f2b9187d858afc3f35cbdb6d1a82e67.txt
BloodImage_00030_jpg.rf.c0ed0b62b8d2527e567c547a75fedd3c.jpg,BloodImage_00030_jpg.rf.c0ed0b62b8d2527e567c547a75fedd3c.txt
BloodImage_00031_jpg.rf.6ff72f20dd5f6b4a241cd55105d88ca5.jpg,BloodImage_00031_jpg.rf.6ff72f20dd5f6b4a241cd55105d88ca5.txt
BloodImage_00032_jpg.rf.b3c7488aa3bf997274f56bce5ffe3a74.jpg,BloodImage_00032_jpg.rf.b3c7488aa3bf997274f56bce5ffe3a74.txt
BloodImage_00033_jpg.rf.9ea986460903aabe669834b358b0b2fd.jpg,BloodImage_00033_jpg.rf.9ea986460903aabe669834b358b0b2fd.txt
BloodImage_00034_jpg.rf.46e3b2de709731ca1fa9f38726bf149b.jpg,BloodImage_00034_jpg.rf.46e3b2de709731ca1fa9f38726bf149b.txt
BloodImage_00035_jpg.rf.53e35f4ed8b5e52c69171c57a9d6b3c5.jpg,BloodImage_00035_jpg.rf.53e35f4ed8b5e52c69171c57a9d6b3c5.txt
BloodImage_00036_jpg.rf.ab91604015ffed009b2573f59ed80802.jpg,BloodImage_00036_jpg.rf.ab91604015ffed009b2573f59ed80802.txt
BloodImage_00037_jpg.rf.18e27dcb80748ea9b2bb72affe6955a9.jpg,BloodImage_00037_jpg.rf.18e27dcb80748ea9b2bb72affe6955a9.txt
BloodImage_00039_jpg.rf.e4ee3626b2b2f10c5fd1f2dcaf1c10ca.jpg,BloodImage_00039_jpg.rf.e4ee3626b2b2f10c5fd1f2dcaf1c10ca.txt
BloodImage_00040_jpg.rf.3c32836a8bf11d7d442ab01959c5a255.jpg,BloodImage_00040_jpg.rf.3c32836a8bf11d7d442ab01959c5a255.txt
BloodImage_00041_jpg.rf.faaad6f3867d4582efb0a70feb37d3db.jpg,BloodImage_00041_jpg.rf.faaad6f3867d4582efb0a70feb37d3db.txt
BloodImage_00042_jpg.rf.5d8db568b0b0c73e24e1d0bd5df54c5e.jpg,BloodImage_00042_jpg.rf.5d8db568b0b0c73e24e1d0bd5df54c5e.txt
BloodImage_00043_jpg.rf.d4090ebc49c1fad63109d7ff96178e8c.jpg,BloodImage_00043_jpg.rf.d4090ebc49c1fad63109d7ff96178e8c.txt
BloodImage_00045_jpg.rf.38710cbc65a66447df197c29ea137bcb.jpg,BloodImage_00045_jpg.rf.38710cbc65a66447df197c29ea137bcb.txt
BloodImage_00046_jpg.rf.1e9c28f0a571c11f4ea437c572514294.jpg,BloodImage_00046_jpg.rf.1e9c28f0a571c11f4ea437c572514294.txt
BloodImage_00047_jpg.rf.fc57c00b0a785b07d53c1a0cbc7d1e6d.jpg,BloodImage_00047_jpg.rf.fc57c00b0a785b07d53c1a0cbc7d1e6d.txt
BloodImage_00048_jpg.rf.cf98381e95dad4b92e185bc9fae23949.jpg,BloodImage_00048_jpg.rf.cf98381e95dad4b92e185bc9fae23949.txt
BloodImage_00049_jpg.rf.e2b5ebde1df3675ccfd86e517480da00.jpg,BloodImage_00049_jpg.rf.e2b5ebde1df3675ccfd86e517480da00.txt
BloodImage_00052_jpg.rf.4023bcaa5fa43bcccae52e1692be6a64.jpg,BloodImage_00052_jpg.rf.4023bcaa5fa43bcccae52e1692be6a64.txt
BloodImage_00053_jpg.rf.039e0e2cfc3db970127dbb3f4ae9ee6d.jpg,BloodImage_00053_jpg.rf.039e0e2cfc3db970127dbb3f4ae9ee6d.txt
BloodImage_00054_jpg.rf.2dd30b3b0392d1bcd33a10e37cf9713e.jpg,BloodImage_00054_jpg.rf.2dd30b3b0392d1bcd33a10e37cf9713e.txt
BloodImage_00055_jpg.rf.3d395f708128e727f7e7242c4f394622.jpg,BloodImage_00055_jpg.rf.3d395f708128e727f7e7242c4f394622.txt
BloodImage_00056_jpg.rf.a5efc91886069c9780dfb3e8138ed49e.jpg,BloodImage_00056_jpg.rf.a5efc91886069c9780dfb3e8138ed49e.txt
BloodImage_00058_jpg.rf.78a414ea6fe32a14b1f05fdf97761e45.jpg,BloodImage_00058_jpg.rf.78a414ea6fe32a14b1f05fdf97761e45.txt
BloodImage_00059_jpg.rf.42cedd40c0ac118de13f7f9aa2b5cb9f.jpg,BloodImage_00059_jpg.rf.42cedd40c0ac118de13f7f9aa2b5cb9f.txt
BloodImage_00064_jpg.rf.40b642a4415a851fa531a1c07c0779a3.jpg,BloodImage_00064_jpg.rf.40b642a4415a851fa531a1c07c0779a3.txt
BloodImage_00065_jpg.rf.2f2e7813f4b5a427dc0daa29a61ef87b.jpg,BloodImage_00065_jpg.rf.2f2e7813f4b5a427dc0daa29a61ef87b.txt
BloodImage_00066_jpg.rf.10b8742cf6c3d30e9cd9bd760732301f.jpg,BloodImage_00066_jpg.rf.10b8742cf6c3d30e9cd9bd760732301f.txt
BloodImage_00067_jpg.rf.a5b2b01c0f566a59317105d093275e72.jpg,BloodImage_00067_jpg.rf.a5b2b01c0f566a59317105d093275e72.txt
BloodImage_00068_jpg.rf.b30050929d89caeac6bc7ed67b229a2d.jpg,BloodImage_00068_jpg.rf.b30050929d89caeac6bc7ed67b229a2d.txt
BloodImage_00072_jpg.rf.edf27bdfdc8a1350d11c0760398f1079.jpg,BloodImage_00072_jpg.rf.edf27bdfdc8a1350d11c0760398f1079.txt
BloodImage_00073_jpg.rf.4d57fd7ccdd1e22499bd72b28e0d0081.jpg,BloodImage_00073_jpg.rf.4d57fd7ccdd1e22499bd72b28e0d0081.txt
BloodImage_00074_jpg.rf.6773a911ebfa4093d69d32f485ece9b6.jpg,BloodImage_00074_jpg.rf.6773a911ebfa4093d69d32f485ece9b6.txt
BloodImage_00077_jpg.rf.e5fec5b0f926f2c1fe8e3193cb35664a.jpg,BloodImage_00077_jpg.rf.e5fec5b0f926f2c1fe8e3193cb35664a.txt
BloodImage_00078_jpg.rf.09c7b76c73691728b1f4d063a73c8d16.jpg,BloodImage_00078_jpg.rf.09c7b76c73691728b1f4d063a73c8d16.txt
BloodImage_00079_jpg.rf.6402c4f2af44a41572486f1227a1b585.jpg,BloodImage_00079_jpg.rf.6402c4f2af44a41572486f1227a1b585.txt
BloodImage_00081_jpg.rf.d60e65271b92608716deba2400016a6c.jpg,BloodImage_00081_jpg.rf.d60e65271b92608716deba2400016a6c.txt
BloodImage_00082_jpg.rf.1b88bd568853f9619e36c831e16c9700.jpg,BloodImage_00082_jpg.rf.1b88bd568853f9619e36c831e16c9700.txt
BloodImage_00083_jpg.rf.2998d1f2400bf04ed90e539ebe913cb8.jpg,BloodImage_00083_jpg.rf.2998d1f2400bf04ed90e539ebe913cb8.txt
BloodImage_00087_jpg.rf.97ee9ceab5eb8fe66671ff3b6f86fec4.jpg,BloodImage_00087_jpg.rf.97ee9ceab5eb8fe66671ff3b6f86fec4.txt
BloodImage_00088_jpg.rf.42a8b1939f2601dc01953d1f260559e2.jpg,BloodImage_00088_jpg.rf.42a8b1939f2601dc01953d1f260559e2.txt
BloodImage_00089_jpg.rf.41841d675472134fe0bdcc09d97fdbb0.jpg,BloodImage_00089_jpg.rf.41841d675472134fe0bdcc09d97fdbb0.txt
BloodImage_00091_jpg.rf.8723660dee1777d62c0f6bdaa8f85e4f.jpg,BloodImage_00091_jpg.rf.8723660dee1777d62c0f6bdaa8f85e4f.txt
BloodImage_00094_jpg.rf.3dc231631acaf34455356c09357d0f10.jpg,BloodImage_00094_jpg.rf.3dc231631acaf34455356c09357d0f10.txt
BloodImage_00095_jpg.rf.d5e1565486966bf4729f7699660e6178.jpg,BloodImage_00095_jpg.rf.d5e1565486966bf4729f7699660e6178.txt
BloodImage_00097_jpg.rf.858d7117f280c3f6a14464a0f73c0920.jpg,BloodImage_00097_jpg.rf.858d7117f280c3f6a14464a0f73c0920.txt
BloodImage_00098_jpg.rf.50b2cf5e22eea7c47809de57b9a123da.jpg,BloodImage_00098_jpg.rf.50b2cf5e22eea7c47809de57b9a123da.txt
BloodImage_00100_jpg.rf.71d2f2b11994f786b16e7b5132d7308d.jpg,BloodImage_00100_jpg.rf.71d2f2b11994f786b16e7b5132d7308d.txt
BloodImage_00101_jpg.rf.85a56d6e0c085353c13f06a057562c1f.jpg,BloodImage_00101_jpg.rf.85a56d6e0c085353c13f06a057562c1f.txt
BloodImage_00103_jpg.rf.687ed77fd9d913fbcf1e7720256bccac.jpg,BloodImage_00103_jpg.rf.687ed77fd9d913fbcf1e7720256bccac.txt
BloodImage_00106_jpg.rf.41efe1d5b7329f045593fe17d508168e.jpg,BloodImage_00106_jpg.rf.41efe1d5b7329f045593fe17d508168e.txt
BloodImage_00111_jpg.rf.8870565af7f2f95f707f1fe8257ab856.jpg,BloodImage_00111_jpg.rf.8870565af7f2f95f707f1fe8257ab856.txt
BloodImage_00114_jpg.rf.0d42050ce8a689c2d3ec656a2b3b7c98.jpg,BloodImage_00114_jpg.rf.0d42050ce8a689c2d3ec656a2b3b7c98.txt
BloodImage_00115_jpg.rf.08f07455792ce28311940e1aa2ad40b8.jpg,BloodImage_00115_jpg.rf.08f07455792ce28311940e1aa2ad40b8.txt
BloodImage_00117_jpg.rf.a7b1c58f6a0b6284866ddec6de4239fb.jpg,BloodImage_00117_jpg.rf.a7b1c58f6a0b6284866ddec6de4239fb.txt
BloodImage_00124_jpg.rf.419c03cd998f9a1f8d05b0126f430759.jpg,BloodImage_00124_jpg.rf.419c03cd998f9a1f8d05b0126f430759.txt
BloodImage_00125_jpg.rf.ce1793bac18a7f5f2dcf297ba7d59388.jpg,BloodImage_00125_jpg.rf.ce1793bac18a7f5f2dcf297ba7d59388.txt
BloodImage_00132_jpg.rf.f9cc6279809de2f219bab323ce3a1e29.jpg,BloodImage_00132_jpg.rf.f9cc6279809de2f219bab323ce3a1e29.txt
BloodImage_00136_jpg.rf.f437f567c670314938b68f629f63867e.jpg,BloodImage_00136_jpg.rf.f437f567c670314938b68f629f63867e.txt
BloodImage_00137_jpg.rf.edccdbfd3731f56753eb611feb8ceaeb.jpg,BloodImage_00137_jpg.rf.edccdbfd3731f56753eb611feb8ceaeb.txt
BloodImage_00139_jpg.rf.c52aaed320b17ed10aa927888ce5f348.jpg,BloodImage_00139_jpg.rf.c52aaed320b17ed10aa927888ce5f348.txt
BloodImage_00140_jpg.rf.a582c718a8f2c134dc51cc37d1d97020.jpg,BloodImage_00140_jpg.rf.a582c718a8f2c134dc51cc37d1d97020.txt
BloodImage_00142_jpg.rf.9a61799e4585712264749bf61b0b39f6.jpg,BloodImage_00142_jpg.rf.9a61799e4585712264749bf61b0b39f6.txt
BloodImage_00143_jpg.rf.5c08eedd455492fe3c8f0d68d752e6f8.jpg,BloodImage_00143_jpg.rf.5c08eedd455492fe3c8f0d68d752e6f8.txt
BloodImage_00144_jpg.rf.41b18bcceab7a84e66e1a02494938b47.jpg,BloodImage_00144_jpg.rf.41b18bcceab7a84e66e1a02494938b47.txt
BloodImage_00145_jpg.rf.a265e7f4f0aab5586c6aa5258bb03966.jpg,BloodImage_00145_jpg.rf.a265e7f4f0aab5586c6aa5258bb03966.txt
BloodImage_00147_jpg.rf.4ff5270c8f9af1231edc4d857bf03008.jpg,BloodImage_00147_jpg.rf.4ff5270c8f9af1231edc4d857bf03008.txt
BloodImage_00148_jpg.rf.36ab8a5b17c0f020559ff5b04129feb5.jpg,BloodImage_00148_jpg.rf.36ab8a5b17c0f020559ff5b04129feb5.txt
BloodImage_00149_jpg.rf.509ac73b73e2de5ecc9a52583ec67f5a.jpg,BloodImage_00149_jpg.rf.509ac73b73e2de5ecc9a52583ec67f5a.txt
BloodImage_00150_jpg.rf.efdbcf3bf7e00b06ff9a9694c5f9d237.jpg,BloodImage_00150_jpg.rf.efdbcf3bf7e00b06ff9a9694c5f9d237.txt
BloodImage_00152_jpg.rf.e8fa4f194084beaf48533349d359a3d5.jpg,BloodImage_00152_jpg.rf.e8fa4f194084beaf48533349d359a3d5.txt
BloodImage_00156_jpg.rf.108986055b618fef7b0f32129dc11432.jpg,BloodImage_00156_jpg.rf.108986055b618fef7b0f32129dc11432.txt
BloodImage_00157_jpg.rf.fa2209269612935b573d3d3b478fa611.jpg,BloodImage_00157_jpg.rf.fa2209269612935b573d3d3b478fa611.txt
BloodImage_00158_jpg.rf.d7a8fb65b17a2047331a9ad2af65f904.jpg,BloodImage_00158_jpg.rf.d7a8fb65b17a2047331a9ad2af65f904.txt
BloodImage_00159_jpg.rf.0cab1622395939c60dbbaa441fd39f49.jpg,BloodImage_00159_jpg.rf.0cab1622395939c60dbbaa441fd39f49.txt
BloodImage_00162_jpg.rf.229a391d4dfca55e7c249ebedcd2020a.jpg,BloodImage_00162_jpg.rf.229a391d4dfca55e7c249ebedcd2020a.txt
BloodImage_00163_jpg.rf.2aa7e068eb6f9b52d00de43ae134abbf.jpg,BloodImage_00163_jpg.rf.2aa7e068eb6f9b52d00de43ae134abbf.txt
BloodImage_00164_jpg.rf.2dc9699ae630c27a13a599fc3b22eab6.jpg,BloodImage_00164_jpg.rf.2dc9699ae630c27a13a599fc3b22eab6.txt
BloodImage_00165_jpg.rf.63cb185ab85deeb69a5676a96e070094.jpg,BloodImage_00165_jpg.rf.63cb185ab85deeb69a5676a96e070094.txt
BloodImage_00166_jpg.rf.262a043ff8a1e6b0190cc9b0cb01b56d.jpg,BloodImage_00166_jpg.rf.262a043ff8a1e6b0190cc9b0cb01b56d.txt
BloodImage_00167_jpg.rf.62a0c4a1efba7c7c1ea784805a039d3c.jpg,BloodImage_00167_jpg.rf.62a0c4a1efba7c7c1ea784805a039d3c.txt
BloodImage_00168_jpg.rf.449c90b2ff7ed0802b47c26c575ddf33.jpg,BloodImage_00168_jpg.rf.449c90b2ff7ed0802b47c26c575ddf33.txt
BloodImage_00169_jpg.rf.f4d21977acfc39dedf7dffaccd55248c.jpg,BloodImage_00169_jpg.rf.f4d21977acfc39dedf7dffaccd55248c.txt
BloodImage_00170_jpg.rf.c640ac5bbf1cffe65e7bfc4d0a780efc.jpg,BloodImage_00170_jpg.rf.c640ac5bbf1cffe65e7bfc4d0a780efc.txt
BloodImage_00171_jpg.rf.b92498a881747c362984f9b175c5b9e6.jpg,BloodImage_00171_jpg.rf.b92498a881747c362984f9b175c5b9e6.txt
BloodImage_00172_jpg.rf.98a5f2f944c3848ea5a5f8c543ccd7eb.jpg,BloodImage_00172_jpg.rf.98a5f2f944c3848ea5a5f8c543ccd7eb.txt
BloodImage_00174_jpg.rf.301d3d0e4ff10f6eadf8c47651ce44c6.jpg,BloodImage_00174_jpg.rf.301d3d0e4ff10f6eadf8c47651ce44c6.txt
BloodImage_00175_jpg.rf.69d531581faefa31d4bebbcbd4f36063.jpg,BloodImage_00175_jpg.rf.69d531581faefa31d4bebbcbd4f36063.txt
BloodImage_00176_jpg.rf.acacd7a71975b614a6ace94b2d927d13.jpg,BloodImage_00176_jpg.rf.acacd7a71975b614a6ace94b2d927d13.txt
BloodImage_00177_jpg.rf.3a59e39ed8fd92dce966a45e9ede25a8.jpg,BloodImage_00177_jpg.rf.3a59e39ed8fd92dce966a45e9ede25a8.txt
BloodImage_00178_jpg.rf.97be05fc4078f65bc3bff25911217908.jpg,BloodImage_00178_jpg.rf.97be05fc4078f65bc3bff25911217908.txt
BloodImage_00179_jpg.rf.5389cd1c1e07c0b36a476709869dbb0c.jpg,BloodImage_00179_jpg.rf.5389cd1c1e07c0b36a476709869dbb0c.txt
BloodImage_00180_jpg.rf.66cbbab7f3be1c3c00b775652b742735.jpg,BloodImage_00180_jpg.rf.66cbbab7f3be1c3c00b775652b742735.txt
BloodImage_00184_jpg.rf.61346810b7e7dc1cd5f7d52a5efb32ef.jpg,BloodImage_00184_jpg.rf.61346810b7e7dc1cd5f7d52a5efb32ef.txt
BloodImage_00189_jpg.rf.367746c6879d03a67ba3db2b851d590d.jpg,BloodImage_00189_jpg.rf.367746c6879d03a67ba3db2b851d590d.txt
BloodImage_00192_jpg.rf.7fe82835e330e3f5c04f9300f2f3063a.jpg,BloodImage_00192_jpg.rf.7fe82835e330e3f5c04f9300f2f3063a.txt
BloodImage_00193_jpg.rf.2edae1a9ce8be9f7fb12c048d0be56ff.jpg,BloodImage_00193_jpg.rf.2edae1a9ce8be9f7fb12c048d0be56ff.txt
BloodImage_00195_jpg.rf.ade39f1f0cfe1db1e016abf809dfee8b.jpg,BloodImage_00195_jpg.rf.ade39f1f0cfe1db1e016abf809dfee8b.txt
BloodImage_00196_jpg.rf.03390ec25911b1035cae7b7ea3b8245d.jpg,BloodImage_00196_jpg.rf.03390ec25911b1035cae7b7ea3b8245d.txt
BloodImage_00197_jpg.rf.6b5a2a6cc8a9cbc334b4cc6363b19717.jpg,BloodImage_00197_jpg.rf.6b5a2a6cc8a9cbc334b4cc6363b19717.txt
BloodImage_00198_jpg.rf.18d705a660d83e704730ea1b14dd2077.jpg,BloodImage_00198_jpg.rf.18d705a660d83e704730ea1b14dd2077.txt
BloodImage_00199_jpg.rf.d85b02c9e8ab10a1bab7c05fbdc88498.jpg,BloodImage_00199_jpg.rf.d85b02c9e8ab10a1bab7c05fbdc88498.txt
BloodImage_00200_jpg.rf.6e8e69feda789b5b7de74ff4323d3926.jpg,BloodImage_00200_jpg.rf.6e8e69feda789b5b7de74ff4323d3926.txt
BloodImage_00201_jpg.rf.581afd773e44135e84f0fc55d4078222.jpg,BloodImage_00201_jpg.rf.581afd773e44135e84f0fc55d4078222.txt
BloodImage_00202_jpg.rf.1c61ccd0178cad42f9fb20b562b19e69.jpg,BloodImage_00202_jpg.rf.1c61ccd0178cad42f9fb20b562b19e69.txt
BloodImage_00203_jpg.rf.7e1e0baedaf6227f45f74ed5727ccec8.jpg,BloodImage_00203_jpg.rf.7e1e0baedaf6227f45f74ed5727ccec8.txt
BloodImage_00206_jpg.rf.3c4c8a6d8833bcb4434066200ad71f34.jpg,BloodImage_00206_jpg.rf.3c4c8a6d8833bcb4434066200ad71f34.txt
BloodImage_00207_jpg.rf.d50d22b1d2d48979c2d26d5c1dc4b4ee.jpg,BloodImage_00207_jpg.rf.d50d22b1d2d48979c2d26d5c1dc4b4ee.txt
BloodImage_00208_jpg.rf.57797100bc9d0bfd6a84ace0b924acf0.jpg,BloodImage_00208_jpg.rf.57797100bc9d0bfd6a84ace0b924acf0.txt
BloodImage_00209_jpg.rf.2cc187a736630ff701811b3360688169.jpg,BloodImage_00209_jpg.rf.2cc187a736630ff701811b3360688169.txt
BloodImage_00210_jpg.rf.e717500ee4f9e9f2e64b6c54acaa4f92.jpg,BloodImage_00210_jpg.rf.e717500ee4f9e9f2e64b6c54acaa4f92.txt
BloodImage_00212_jpg.rf.585d649f788289748c8154994c2be005.jpg,BloodImage_00212_jpg.rf.585d649f788289748c8154994c2be005.txt
BloodImage_00214_jpg.rf.d806efc40815e2b711db9bb66b5f0dd5.jpg,BloodImage_00214_jpg.rf.d806efc40815e2b711db9bb66b5f0dd5.txt
BloodImage_00215_jpg.rf.fe567abb73afc2b25613f702e74904a1.jpg,BloodImage_00215_jpg.rf.fe567abb73afc2b25613f702e74904a1.txt
BloodImage_00218_jpg.rf.38dc20f84bac3714542a27966e8e9ac0.jpg,BloodImage_00218_jpg.rf.38dc20f84bac3714542a27966e8e9ac0.txt
BloodImage_00219_jpg.rf.2b33151b3d173a07019c8dbe0b1eef09.jpg,BloodImage_00219_jpg.rf.2b33151b3d173a07019c8dbe0b1eef09.txt
BloodImage_00220_jpg.rf.d0fec0542cc693641936c943b0a4e5e4.jpg,BloodImage_00220_jpg.rf.d0fec0542cc693641936c943b0a4e5e4.txt
BloodImage_00222_jpg.rf.f4ffa303a5c7071aba2b41492247ab34.jpg,BloodImage_00222_jpg.rf.f4ffa303a5c7071aba2b41492247ab34.txt
BloodImage_00223_jpg.rf.900340184b673740f4bbb4243f6ff6ed.jpg,BloodImage_00223_jpg.rf.900340184b673740f4bbb4243f6ff6ed.txt
BloodImage_00224_jpg.rf.53f7054c6772cb2b151ea81956c01b33.jpg,BloodImage_00224_jpg.rf.53f7054c6772cb2b151ea81956c01b33.txt
BloodImage_00226_jpg.rf.5cee949501e370f5af909f7b38ed1c92.jpg,BloodImage_00226_jpg.rf.5cee949501e370f5af909f7b38ed1c92.txt
BloodImage_00229_jpg.rf.33d23966f0eeac6cb22f2666ff2f946d.jpg,BloodImage_00229_jpg.rf.33d23966f0eeac6cb22f2666ff2f946d.txt
BloodImage_00230_jpg.rf.ce8f4795e74fa224c6fcc1551021a4d4.jpg,BloodImage_00230_jpg.rf.ce8f4795e74fa224c6fcc1551021a4d4.txt
BloodImage_00231_jpg.rf.4e0100ad257ff1196189de55acf7f581.jpg,BloodImage_00231_jpg.rf.4e0100ad257ff1196189de55acf7f581.txt
BloodImage_00232_jpg.rf.4ce291260d52eb9d910e26b62fd7d3e0.jpg,BloodImage_00232_jpg.rf.4ce291260d52eb9d910e26b62fd7d3e0.txt
BloodImage_00233_jpg.rf.ade52d587dfa61462c31583882bb96ec.jpg,BloodImage_00233_jpg.rf.ade52d587dfa61462c31583882bb96ec.txt
BloodImage_00234_jpg.rf.18d2e25089fec6bfd34af849101ec5df.jpg,BloodImage_00234_jpg.rf.18d2e25089fec6bfd34af849101ec5df.txt
BloodImage_00236_jpg.rf.5a7791e4051f7ed235acec127debab33.jpg,BloodImage_00236_jpg.rf.5a7791e4051f7ed235acec127debab33.txt
BloodImage_00237_jpg.rf.d6b5d4daa715b2519b9be571dd188c4c.jpg,BloodImage_00237_jpg.rf.d6b5d4daa715b2519b9be571dd188c4c.txt
BloodImage_00239_jpg.rf.0a392e6482129861f845776014bca4d7.jpg,BloodImage_00239_jpg.rf.0a392e6482129861f845776014bca4d7.txt
BloodImage_00240_jpg.rf.02e03d6cdaa6a0c4446fbede5b024dd2.jpg,BloodImage_00240_jpg.rf.02e03d6cdaa6a0c4446fbede5b024dd2.txt
BloodImage_00242_jpg.rf.007c73259d80a031ed7705cc0d1fa86c.jpg,BloodImage_00242_jpg.rf.007c73259d80a031ed7705cc0d1fa86c.txt
BloodImage_00243_jpg.rf.f703b4fc40c4114920a836124a84381b.jpg,BloodImage_00243_jpg.rf.f703b4fc40c4114920a836124a84381b.txt
BloodImage_00244_jpg.rf.5afde78b6186e06dd80b0cce0a905bee.jpg,BloodImage_00244_jpg.rf.5afde78b6186e06dd80b0cce0a905bee.txt
BloodImage_00247_jpg.rf.9e01c6f5520cec0cd477f12eaf084ca9.jpg,BloodImage_00247_jpg.rf.9e01c6f5520cec0cd477f12eaf084ca9.txt
BloodImage_00248_jpg.rf.b669ad8c3784b6c29cfad94ec72dde6c.jpg,BloodImage_00248_jpg.rf.b669ad8c3784b6c29cfad94ec72dde6c.txt
BloodImage_00249_jpg.rf.2a9916c3b2be9eac4e6964d419e8f83e.jpg,BloodImage_00249_jpg.rf.2a9916c3b2be9eac4e6964d419e8f83e.txt
BloodImage_00250_jpg.rf.b4ab58b6f116df5e831b4246e2c044ec.jpg,BloodImage_00250_jpg.rf.b4ab58b6f116df5e831b4246e2c044ec.txt
BloodImage_00251_jpg.rf.907c7f4f42fb6ca2a5d34e06b4cd3cc7.jpg,BloodImage_00251_jpg.rf.907c7f4f42fb6ca2a5d34e06b4cd3cc7.txt
BloodImage_00253_jpg.rf.df98292053faa0f88eb0466d798f041a.jpg,BloodImage_00253_jpg.rf.df98292053faa0f88eb0466d798f041a.txt
BloodImage_00255_jpg.rf.1455f9385ccbba92d4f5b87717c6a34a.jpg,BloodImage_00255_jpg.rf.1455f9385ccbba92d4f5b87717c6a34a.txt
BloodImage_00256_jpg.rf.03ae10c8cb261253736684b6b1774dc4.jpg,BloodImage_00256_jpg.rf.03ae10c8cb261253736684b6b1774dc4.txt
BloodImage_00257_jpg.rf.c5ead571c4139477479569e33f37c1e7.jpg,BloodImage_00257_jpg.rf.c5ead571c4139477479569e33f37c1e7.txt
BloodImage_00260_jpg.rf.790033dfaa22f8d63d1d794c7e320bad.jpg,BloodImage_00260_jpg.rf.790033dfaa22f8d63d1d794c7e320bad.txt
BloodImage_00261_jpg.rf.e7d72d18b1ba65c1b98f70c556c2bc4f.jpg,BloodImage_00261_jpg.rf.e7d72d18b1ba65c1b98f70c556c2bc4f.txt
BloodImage_00262_jpg.rf.911152179cab0162253e2d3f1805e778.jpg,BloodImage_00262_jpg.rf.911152179cab0162253e2d3f1805e778.txt
BloodImage_00264_jpg.rf.14facedcbafa9e8bfb4d7eea78580cfa.jpg,BloodImage_00264_jpg.rf.14facedcbafa9e8bfb4d7eea78580cfa.txt
BloodImage_00267_jpg.rf.77b86c33dac9591ca72126660dd6a112.jpg,BloodImage_00267_jpg.rf.77b86c33dac9591ca72126660dd6a112.txt
BloodImage_00268_jpg.rf.473cee61267c80c66f2523aa4af68146.jpg,BloodImage_00268_jpg.rf.473cee61267c80c66f2523aa4af68146.txt
BloodImage_00269_jpg.rf.1ee5ead2df591affdfee9c28d0d81c03.jpg,BloodImage_00269_jpg.rf.1ee5ead2df591affdfee9c28d0d81c03.txt
BloodImage_00271_jpg.rf.9023474335f0271ddf9a6f7479dbafe8.jpg,BloodImage_00271_jpg.rf.9023474335f0271ddf9a6f7479dbafe8.txt
BloodImage_00279_jpg.rf.d7360a664bc0931b2b34fe7fc12f96c1.jpg,BloodImage_00279_jpg.rf.d7360a664bc0931b2b34fe7fc12f96c1.txt
BloodImage_00282_jpg.rf.e5b58527707288bdd8cfce942fb65e96.jpg,BloodImage_00282_jpg.rf.e5b58527707288bdd8cfce942fb65e96.txt
BloodImage_00283_jpg.rf.f6f91c40d0f20bb6274e7a82984d906f.jpg,BloodImage_00283_jpg.rf.f6f91c40d0f20bb6274e7a82984d906f.txt
BloodImage_00285_jpg.rf.7380b1602d97a1d16c8c9d8461c1a78c.jpg,BloodImage_00285_jpg.rf.7380b1602d97a1d16c8c9d8461c1a78c.txt
BloodImage_00287_jpg.rf.ea29305ce151b669e8fe1be5ca248012.jpg,BloodImage_00287_jpg.rf.ea29305ce151b669e8fe1be5ca248012.txt
BloodImage_00288_jpg.rf.723e7d8512a6113320fe6666d3129aad.jpg,BloodImage_00288_jpg.rf.723e7d8512a6113320fe6666d3129aad.txt
BloodImage_00290_jpg.rf.4a1faeff8efd151340e239efd973fa18.jpg,BloodImage_00290_jpg.rf.4a1faeff8efd151340e239efd973fa18.txt
BloodImage_00291_jpg.rf.94e5e3697c522e003de8fc06c06d2725.jpg,BloodImage_00291_jpg.rf.94e5e3697c522e003de8fc06c06d2725.txt
BloodImage_00292_jpg.rf.f22fb518192fce84da68f5ce2d0f7788.jpg,BloodImage_00292_jpg.rf.f22fb518192fce84da68f5ce2d0f7788.txt
BloodImage_00293_jpg.rf.78717e9ed6f5037f5e3d2539fe5c7fa2.jpg,BloodImage_00293_jpg.rf.78717e9ed6f5037f5e3d2539fe5c7fa2.txt
BloodImage_00294_jpg.rf.b23c086547586fb22e1ee76e3354af58.jpg,BloodImage_00294_jpg.rf.b23c086547586fb22e1ee76e3354af58.txt
BloodImage_00295_jpg.rf.aa1ecf83f056781df45b50be9c944fd5.jpg,BloodImage_00295_jpg.rf.aa1ecf83f056781df45b50be9c944fd5.txt
BloodImage_00299_jpg.rf.e1fe6fedb2feaf870450ff96b1aaa9e8.jpg,BloodImage_00299_jpg.rf.e1fe6fedb2feaf870450ff96b1aaa9e8.txt
BloodImage_00303_jpg.rf.d97418f1c8bf7353b33891732eb4a00e.jpg,BloodImage_00303_jpg.rf.d97418f1c8bf7353b33891732eb4a00e.txt
BloodImage_00304_jpg.rf.0da7230b16452359879fb633f0225fa2.jpg,BloodImage_00304_jpg.rf.0da7230b16452359879fb633f0225fa2.txt
BloodImage_00305_jpg.rf.6bb627ca75ffb4e00c667ae9c331b4a9.jpg,BloodImage_00305_jpg.rf.6bb627ca75ffb4e00c667ae9c331b4a9.txt
BloodImage_00307_jpg.rf.efedae262c822c0be29cb50d7e6e2fe8.jpg,BloodImage_00307_jpg.rf.efedae262c822c0be29cb50d7e6e2fe8.txt
BloodImage_00308_jpg.rf.f048c9ada0e94ebaf108ec2e6d8c8f86.jpg,BloodImage_00308_jpg.rf.f048c9ada0e94ebaf108ec2e6d8c8f86.txt
BloodImage_00310_jpg.rf.1940f2a0646c496caeb9582bec214181.jpg,BloodImage_00310_jpg.rf.1940f2a0646c496caeb9582bec214181.txt
BloodImage_00311_jpg.rf.c340f6eb3408f26332497fb1f183dd59.jpg,BloodImage_00311_jpg.rf.c340f6eb3408f26332497fb1f183dd59.txt
BloodImage_00312_jpg.rf.b6b8d5389b691278bb36789d528127cf.jpg,BloodImage_00312_jpg.rf.b6b8d5389b691278bb36789d528127cf.txt
BloodImage_00313_jpg.rf.9ba2384696c0a86e4e2b0980b2b8139b.jpg,BloodImage_00313_jpg.rf.9ba2384696c0a86e4e2b0980b2b8139b.txt
BloodImage_00314_jpg.rf.421fc1b9f8eef79699b0568988c5b5f4.jpg,BloodImage_00314_jpg.rf.421fc1b9f8eef79699b0568988c5b5f4.txt
BloodImage_00317_jpg.rf.da05e07bc66b32a5230383724654bd2b.jpg,BloodImage_00317_jpg.rf.da05e07bc66b32a5230383724654bd2b.txt
BloodImage_00318_jpg.rf.342691b7f6c08450f5490f831c427de7.jpg,BloodImage_00318_jpg.rf.342691b7f6c08450f5490f831c427de7.txt
BloodImage_00320_jpg.rf.0162f52310ba3d29d7a1a9cd30a43488.jpg,BloodImage_00320_jpg.rf.0162f52310ba3d29d7a1a9cd30a43488.txt
BloodImage_00322_jpg.rf.20605708fa51549976fdc85c119bcb6e.jpg,BloodImage_00322_jpg.rf.20605708fa51549976fdc85c119bcb6e.txt
BloodImage_00323_jpg.rf.a633c18b99a31c1f1a6f1ca2d5a7f634.jpg,BloodImage_00323_jpg.rf.a633c18b99a31c1f1a6f1ca2d5a7f634.txt
BloodImage_00324_jpg.rf.c843c813abdb654ae2b036a9c8e5aa2f.jpg,BloodImage_00324_jpg.rf.c843c813abdb654ae2b036a9c8e5aa2f.txt
BloodImage_00326_jpg.rf.6354a2b22bf107222d680bb7d7ce8b6d.jpg,BloodImage_00326_jpg.rf.6354a2b22bf107222d680bb7d7ce8b6d.txt
BloodImage_00327_jpg.rf.c838cc916de2bfa77a9213b75e474f60.jpg,BloodImage_00327_jpg.rf.c838cc916de2bfa77a9213b75e474f60.txt
BloodImage_00330_jpg.rf.b3bc39de2cd8af899dcbf4968d96106b.jpg,BloodImage_00330_jpg.rf.b3bc39de2cd8af899dcbf4968d96106b.txt
BloodImage_00332_jpg.rf.ed87a2ffb4bb87281d6dc70bc15a24b3.jpg,BloodImage_00332_jpg.rf.ed87a2ffb4bb87281d6dc70bc15a24b3.txt
BloodImage_00333_jpg.rf.97f2ec9bd7af669ebf93a73ad4522e10.jpg,BloodImage_00333_jpg.rf.97f2ec9bd7af669ebf93a73ad4522e10.txt
BloodImage_00338_jpg.rf.9f35cefbbd15e526b5349186f312803e.jpg,BloodImage_00338_jpg.rf.9f35cefbbd15e526b5349186f312803e.txt
BloodImage_00339_jpg.rf.1c864cee713e0bec62310ea5a76080a0.jpg,BloodImage_00339_jpg.rf.1c864cee713e0bec62310ea5a76080a0.txt
BloodImage_00340_jpg.rf.c02aff3a668ba7c47d5107cf0fa19509.jpg,BloodImage_00340_jpg.rf.c02aff3a668ba7c47d5107cf0fa19509.txt
BloodImage_00341_jpg.rf.efe92811d06d4605ab9618d10cb730ee.jpg,BloodImage_00341_jpg.rf.efe92811d06d4605ab9618d10cb730ee.txt
BloodImage_00342_jpg.rf.83bc536c22bb7c493ca6ae5a54b9d698.jpg,BloodImage_00342_jpg.rf.83bc536c22bb7c493ca6ae5a54b9d698.txt
BloodImage_00343_jpg.rf.67341bf00984218273df718b614fe92b.jpg,BloodImage_00343_jpg.rf.67341bf00984218273df718b614fe92b.txt
BloodImage_00345_jpg.rf.342e2b1c5e4d56905fab255eeaa6e2b0.jpg,BloodImage_00345_jpg.rf.342e2b1c5e4d56905fab255eeaa6e2b0.txt
BloodImage_00346_jpg.rf.5d6ff1668f494698f4099d2643521946.jpg,BloodImage_00346_jpg.rf.5d6ff1668f494698f4099d2643521946.txt
BloodImage_00347_jpg.rf.ec3da8e3d3760ff522750704050cc4ab.jpg,BloodImage_00347_jpg.rf.ec3da8e3d3760ff522750704050cc4ab.txt
BloodImage_00349_jpg.rf.a4e8bbdf1d28f8362ea87a5550c37b4d.jpg,BloodImage_00349_jpg.rf.a4e8bbdf1d28f8362ea87a5550c37b4d.txt
BloodImage_00351_jpg.rf.3a78a0669c32fa4074a0e656e651653d.jpg,BloodImage_00351_jpg.rf.3a78a0669c32fa4074a0e656e651653d.txt
BloodImage_00352_jpg.rf.65f47310549c55fa1db2903d27862146.jpg,BloodImage_00352_jpg.rf.65f47310549c55fa1db2903d27862146.txt
BloodImage_00353_jpg.rf.1fac753bf205700c58dd779731e14180.jpg,BloodImage_00353_jpg.rf.1fac753bf205700c58dd779731e14180.txt
BloodImage_00354_jpg.rf.d63d0b3dd3ac9df0b06b118900b6caa3.jpg,BloodImage_00354_jpg.rf.d63d0b3dd3ac9df0b06b118900b6caa3.txt
BloodImage_00356_jpg.rf.ef52bc664a2f9262370c6d4969a8dd91.jpg,BloodImage_00356_jpg.rf.ef52bc664a2f9262370c6d4969a8dd91.txt
BloodImage_00357_jpg.rf.e2f3c3ce91f7f7f46e2162e85c0a3cd8.jpg,BloodImage_00357_jpg.rf.e2f3c3ce91f7f7f46e2162e85c0a3cd8.txt
BloodImage_00360_jpg.rf.19ff3dce8fcfa24801b2d80410428f9b.jpg,BloodImage_00360_jpg.rf.19ff3dce8fcfa24801b2d80410428f9b.txt
BloodImage_00361_jpg.rf.509134ededd0bb5bfe892c081c8a8ee4.jpg,BloodImage_00361_jpg.rf.509134ededd0bb5bfe892c081c8a8ee4.txt
BloodImage_00362_jpg.rf.a8c5150d189004b32fe41d94be2f197b.jpg,BloodImage_00362_jpg.rf.a8c5150d189004b32fe41d94be2f197b.txt
BloodImage_00365_jpg.rf.834ce2d9a8b7dd1647fe2c159659b967.jpg,BloodImage_00365_jpg.rf.834ce2d9a8b7dd1647fe2c159659b967.txt
BloodImage_00366_jpg.rf.aa640d0d6000546cbc6da4e0d4fd0dec.jpg,BloodImage_00366_jpg.rf.aa640d0d6000546cbc6da4e0d4fd0dec.txt
BloodImage_00367_jpg.rf.25def0443d0fe800478ba711c2b9ee51.jpg,BloodImage_00367_jpg.rf.25def0443d0fe800478ba711c2b9ee51.txt
BloodImage_00368_jpg.rf.7db094f9e34bb5b669dec415ff593714.jpg,BloodImage_00368_jpg.rf.7db094f9e34bb5b669dec415ff593714.txt
BloodImage_00370_jpg.rf.6a50b1e9364e0a8d60a28ebd27c6d4cd.jpg,BloodImage_00370_jpg.rf.6a50b1e9364e0a8d60a28ebd27c6d4cd.txt
BloodImage_00372_jpg.rf.b4a115141905ebe604af1142f37050fa.jpg,BloodImage_00372_jpg.rf.b4a115141905ebe604af1142f37050fa.txt
BloodImage_00374_jpg.rf.3f54b84ef0b8f9fd62ca4e4f446fa0dc.jpg,BloodImage_00374_jpg.rf.3f54b84ef0b8f9fd62ca4e4f446fa0dc.txt
BloodImage_00375_jpg.rf.5afa8f7a497058dee0fbd8d66d6497f7.jpg,BloodImage_00375_jpg.rf.5afa8f7a497058dee0fbd8d66d6497f7.txt
BloodImage_00376_jpg.rf.6e3242d2d6342ee60ac04e1f0d794b09.jpg,BloodImage_00376_jpg.rf.6e3242d2d6342ee60ac04e1f0d794b09.txt
BloodImage_00378_jpg.rf.9ea076bee6824b777f9ffbd8dad4abeb.jpg,BloodImage_00378_jpg.rf.9ea076bee6824b777f9ffbd8dad4abeb.txt
BloodImage_00379_jpg.rf.17df569f98c7960cc5526bba81823a72.jpg,BloodImage_00379_jpg.rf.17df569f98c7960cc5526bba81823a72.txt
BloodImage_00381_jpg.rf.c375a7dfa025e6c97e069e7af89839a5.jpg,BloodImage_00381_jpg.rf.c375a7dfa025e6c97e069e7af89839a5.txt
BloodImage_00382_jpg.rf.441811773d805f5c81479894b9ea511b.jpg,BloodImage_00382_jpg.rf.441811773d805f5c81479894b9ea511b.txt
BloodImage_00383_jpg.rf.14f45a36baf2301bc8ce6dea7346b62b.jpg,BloodImage_00383_jpg.rf.14f45a36baf2301bc8ce6dea7346b62b.txt
BloodImage_00387_jpg.rf.f41033e0fab81333b2287d63ace10e51.jpg,BloodImage_00387_jpg.rf.f41033e0fab81333b2287d63ace10e51.txt
BloodImage_00388_jpg.rf.52f04938641f61a72e98ec3fe0b799ae.jpg,BloodImage_00388_jpg.rf.52f04938641f61a72e98ec3fe0b799ae.txt
BloodImage_00389_jpg.rf.ebfa5de21d4539ed10b56ed0a00c6999.jpg,BloodImage_00389_jpg.rf.ebfa5de21d4539ed10b56ed0a00c6999.txt
BloodImage_00390_jpg.rf.be0239cd714d7b7f0ac83378bc18e7ab.jpg,BloodImage_00390_jpg.rf.be0239cd714d7b7f0ac83378bc18e7ab.txt
BloodImage_00391_jpg.rf.96cb68490f98fdf99712e953a8f96001.jpg,BloodImage_00391_jpg.rf.96cb68490f98fdf99712e953a8f96001.txt
BloodImage_00393_jpg.rf.cd230b03b6049b36c0a9caa05ae546e3.jpg,BloodImage_00393_jpg.rf.cd230b03b6049b36c0a9caa05ae546e3.txt
BloodImage_00395_jpg.rf.47cabfa08f17f878a8bbee72e7f8f08f.jpg,BloodImage_00395_jpg.rf.47cabfa08f17f878a8bbee72e7f8f08f.txt
BloodImage_00396_jpg.rf.87f7e3afd9ac02542d093ed0e5846e6f.jpg,BloodImage_00396_jpg.rf.87f7e3afd9ac02542d093ed0e5846e6f.txt
BloodImage_00397_jpg.rf.ba01520c70fdbeae824265e65e0b5f59.jpg,BloodImage_00397_jpg.rf.ba01520c70fdbeae824265e65e0b5f59.txt
BloodImage_00398_jpg.rf.88272989c2c060bdaab0f369111e1eed.jpg,BloodImage_00398_jpg.rf.88272989c2c060bdaab0f369111e1eed.txt
BloodImage_00400_jpg.rf.605c63e2ba0dac6198c9d89f964d71b4.jpg,BloodImage_00400_jpg.rf.605c63e2ba0dac6198c9d89f964d71b4.txt
BloodImage_00405_jpg.rf.4d9fd11e7034f2c6a6ffe504a019d47a.jpg,BloodImage_00405_jpg.rf.4d9fd11e7034f2c6a6ffe504a019d47a.txt
BloodImage_00407_jpg.rf.8ffc1a12125e83eecee8d23da68646bf.jpg,BloodImage_00407_jpg.rf.8ffc1a12125e83eecee8d23da68646bf.txt
BloodImage_00408_jpg.rf.2db889e1cefb413a5db010d72ca74a57.jpg,BloodImage_00408_jpg.rf.2db889e1cefb413a5db010d72ca74a57.txt
BloodImage_00409_jpg.rf.602d5cb2372fe77d6f88a9f94bdd8b01.jpg,BloodImage_00409_jpg.rf.602d5cb2372fe77d6f88a9f94bdd8b01.txt
